{
  "accuracy": 0.8,
  "precision": 0.7941176470588235,
  "recall": 0.81,
  "f1": 0.801980198019802,
  "n_test": 200,
  "n_normal": 100,
  "n_pneumonia": 100,
  "positive_class": "PNEUMONIA",
  "auc": 0.8849
}